view,road,step_zero_based,height_m,eye_minus_tread_m,camera_distance_m,screen_x,screen_y,projected_tread_vertical_px
shop-stair-baseline,58,0,28.109229791666664,1.5907709712727893,11.114430355531196,768.4253360310574,732.9672107035908,-9.788238724646817
shop-stair-baseline,58,1,28.277689374999998,1.4223113879394553,11.998948139699998,767.1745876574533,710.8302595497753,-7.3663334143979
shop-stair-baseline,58,2,28.446148958333332,1.2538518046061213,12.889832662468184,766.1213707049027,692.1894100191623,-5.541290374758546
shop-stair-baseline,58,3,28.614608541666666,1.0853922212727873,13.785849663681256,765.2223154937955,676.2770636888499,-4.141239153277752
shop-stair-baseline,58,4,28.783068125,0.9169326379394533,14.686059754364878,764.4458827580619,662.5350082059955,-3.0509460800775514
shop-stair-baseline,58,5,28.951527708333334,0.7484730546061193,15.589736577116867,763.7685872882514,650.5475796805333,-2.1909850648282827
shop-stair-baseline,58,6,29.119987291666664,0.5800134712727889,16.496310413391928,763.1725812976626,639.9988907679715,-1.5052895347016602
shop-stair-baseline,58,7,29.288446874999998,0.4115538879394549,17.405328587591693,762.6440586656499,630.6445874280955,-0.9534512386496772
shop-stair-baseline,58,8,29.456906458333332,0.24309430460612091,18.316427176309645,762.17217218173,622.2926852668336,-0.5058103018477595
shop-stair-baseline,58,9,29.625366041666666,0.07463472127278692,19.2293104672019,761.7482811702937,614.7902532727267,-0.14024113831328577
shop-stair-baseline,58,10,29.793825625,-0.09382486206054708,20.14373582181301,761.3654175772518,608.0139641032931,0.16000122706157072
shop-stair-baseline,58,11,29.962285208333334,-0.26228444539388107,21.059502367100432,761.0178999292252,601.8632615624618,0.40775463312684224
shop-stair-baseline,60,0,30.129125730769232,-0.4291249678297788,26.97563487760452,760.8703214542205,599.1496191784456,0.1737097845674498
shop-stair-baseline,60,1,30.29434719230769,-0.5943464293682368,27.359315564108265,760.6136989147107,594.5940881662116,0.23299834194699542
shop-stair-baseline,60,2,30.459568653846155,-0.7595678909067018,27.74389636563526,760.3651667286663,590.1821760901107,0.2885175609178532
shop-stair-baseline,60,3,30.624790115384613,-0.9247893524451598,28.129340363431755,760.1243482451918,585.9071966908643,0.34052886711936026
shop-stair-baseline,60,4,30.790011576923078,-1.0900108139836249,28.5156125541869,759.8908898363644,581.762872410109,0.38927260070192915
shop-stair-baseline,60,5,30.955233038461536,-1.2552322755220828,28.902679732565307,759.664459164598,577.743303632858,0.4349699767634547
shop-stair-baseline,60,6,31.1204545,-1.420453737060548,29.290510381862763,759.4447436041579,573.8429406664293,0.4778248390352928
shop-stair-baseline,60,7,31.28567596153846,-1.5856751985990059,29.67907457217646,759.2314488010597,570.056558175962,0.5180252311789673
shop-stair-baseline,60,8,31.450897423076924,-1.750896660137471,30.068343865528053,759.024297357405,566.3792318288663,0.5557448068960866
shop-stair-baseline,60,9,31.616118884615382,-1.9161181216759289,30.458291227422702,758.8230276277797,562.8063169287036,0.5911440973241042
shop-stair-baseline,60,10,31.781340346153847,-2.081339583214394,30.848890944365895,758.6273926167453,559.3334288435503,0.6243716518631572
shop-stair-baseline,60,11,31.946561807692305,-2.246561044752852,31.240118546898863,758.4371589676471,555.956425055447,0.655565066558097
shop-stair-baseline,60,12,32.11178326923077,-2.411782506291317,31.631950737746763,758.2521060340358,552.6713886764107,0.6848519124229142
shop-stair-baseline,60,13,32.27700473076923,-2.577003967829775,32.02436532470566,758.0720250259375,549.4746132931044,0.7123505745871626
shop-stair-baseline,60,14,32.44222619230769,-2.74222542936824,32.41734115792367,757.8967182240217,546.3625890168732,0.7381710118366982
shop-stair-baseline,60,15,32.60744765384615,-2.907446890906698,32.8108580712581,757.7259982554551,543.3319896287682,0.7624154449925982
shop-stair-baseline,60,16,32.772669115384616,-3.072668352445163,33.204896827415425,757.5596874258604,540.3796607205741,0.7851789815747452
shop-stair-baseline,60,17,32.937890576923074,-3.237889813983621,33.59943906660335,757.3976171023758,537.5026087429617,0.8065501833441431
shop-stair-baseline,60,18,33.10311203846154,-3.403111275522086,33.994467258445304,757.239627143312,534.6979908808242,0.826611582559508
shop-stair-baseline,60,19,33.2683335,-3.568332737060544,34.389964656926544,757.0855653703512,531.9631056838219,0.8454401521267982
shop-stair-baseline,60,20,33.43355496153846,-3.733554198599009,34.78591525815926,756.9352870796308,529.295384387214,0.863107734244636
shop-stair-baseline,60,21,33.59877642307692,-3.898775660137467,35.18230376076931,756.7886545884139,526.6923828643721,0.8796814316386872
shop-stair-baseline,60,22,33.763997884615385,-4.063997121675932,35.57911552872382,756.645536814353,524.1517741579762,0.895223965032983
shop-stair-baseline,60,23,33.92921934615384,-4.22921858321439,35.976336556430255,756.5058088846549,521.6713415419227,0.9097940001149709
shop-stair-baseline,60,24,34.09444080769231,-4.394440044752855,36.373953435952394,756.3693517726898,519.2489720704625,0.9234464469013801
shop-stair-baseline,60,25,34.259662269230766,-4.559661506291313,36.771953326198954,756.2360519598244,516.8826505751134,0.936232734109467
shop-stair-baseline,62,0,34.425383796874996,-4.725383033935543,42.13461467073335,756.751491557656,525.6976497524809,0.9841408984359532
shop-stair-baseline,62,1,34.591605390625,-4.891604627685545,42.65504397941547,756.6476760337739,523.8131551749406,0.9929621202431917
shop-stair-baseline,62,2,34.757826984375,-5.057826221435548,43.17574290002202,756.5464875685441,521.9763478564971,1.001030601727507
shop-stair-baseline,62,3,34.924048578124996,-5.224047815185543,43.69670179430001,756.447827691036,520.1854403194341,1.0083939422876256
shop-stair-baseline,62,4,35.090270171875,-5.390269408935545,44.2179114735127,756.3516027909466,518.4387333178066,1.0150964570349288
shop-stair-baseline,62,5,35.256491765625,-5.556491002685547,44.73936317279311,756.2577238223502,516.734610459787,1.0211794326412473
shop-stair-baseline,62,6,35.422713359374995,-5.722712596435542,45.26104852721589,756.1661060288529,515.0715332185904,1.026681360764087
shop-stair-baseline,62,7,35.588934953125,-5.8889341901855445,45.78295954945631,756.0766686883726,513.4480362996117,1.0316381512435555
shop-stair-baseline,62,8,35.755156546875,-6.055155783935547,46.30508860891595,755.9893348759238,511.86272333445174,1.0360833270186731
shop-stair-baseline,62,9,35.921378140625,-6.221377377685549,46.827428412205265,755.9040312429496,510.3142628752364,1.0400482025098654
shop-stair-baseline,62,10,36.087599734375,-6.387598971435544,47.34997198488194,755.8206878118621,508.8013846650757,1.043562047029127
shop-stair-baseline,62,11,36.253821328125,-6.553820565185546,47.872712654352966,755.7392377845885,507.32287616270776,1.0466522346151805
shop-stair-baseline,62,12,36.420042921875,-6.720042158935549,48.395644033855284,755.6596173640171,505.87757930134273,1.049344381550327
shop-stair-baseline,62,13,36.586264515625,-6.886263752685544,48.91876000743748,755.5817655873444,504.46438746349895,1.0516624726832333
shop-stair-baseline,62,14,36.752486109375,-7.052485346435546,49.44205471587059,755.5056241704027,503.0822426552212,1.0536289775748173
shop-stair-baseline,62,15,36.918707703125,-7.218706940185548,49.965522543422516,755.4311373621408,501.73013286451936,1.0552649573757549
shop-stair-baseline,62,16,37.084929296874996,-7.384928533935543,50.48915810543518,755.3582518084847,500.4070895901647,1.0565901632601253
shop-stair-baseline,62,17,37.251150890625,-7.5511501276855455,51.01295623664883,755.286916424888,499.11218552816194,1.0576231271556935
shop-stair-baseline,62,18,37.417372484375,-7.717371721435548,51.53691198022158,755.217082276929,497.84453240428627,1.058381245442888
shop-stair-baseline,62,19,37.583594078124996,-7.883593315185543,52.061020577397535,755.1487024683637,496.6032789420349,1.0588808562253007
shop-stair-baseline,62,20,37.749815671875,-8.049814908935545,52.5852774577786,755.0817320361064,495.38760895622636,1.0591373107225763
shop-stair-baseline,62,21,37.916037265625,-8.216036502685547,53.10967823016019,755.0161278516326,494.1967395632774,1.059165039281595
shop-stair-baseline,62,22,38.082258859374996,-8.382258096435542,53.634218673893166,754.9518485283602,493.0299194999073,1.0589776124562036
shop-stair-baseline,62,23,38.248480453125,-8.548479690185545,54.1588947307372,754.8888543345804,491.8864275426846,1.0585877975652238
shop-stair-baseline,62,24,38.414702046875,-8.714701283935547,54.683702497173726,754.827107111565,490.76557102142976,1.0580076110999244
shop-stair-baseline,62,25,38.580923640624995,-8.880922877685542,55.20863821714839,754.7665701964839,489.6666844200334,1.0572483673192323
shop-stair-baseline,62,26,38.747145234375,-9.047144471435544,55.73369827521584,754.7072083498158,488.5891280587523,1.0563207233402636
shop-stair-baseline,62,27,38.913366828125,-9.213366065185546,56.25887919006085,754.6489876869414,487.5322868525014,1.0552347210046378
shop-stair-baseline,62,28,39.079588421875,-9.379587658935549,56.78417760837232,754.5918756136481,486.4955691400758,1.0539998257762022
shop-stair-baseline,62,29,39.245810015625,-9.545809252685544,57.30959029904792,754.5358407652801,485.4784055796213,1.0526249629044173
shop-stair-baseline,62,30,39.412031609375,-9.712030846435546,57.835114147708985,754.4808529493035,484.48024810602055,1.051118551064178
shop-stair-baseline,62,31,39.578253203125,-9.878252440185548,58.36074615150643,754.4268830910576,483.5005689461832,1.0494885336703987
shop-stair-surfaces,60,0,30.129125730769232,9.870874269230768,11.74188935609513,1068.6233214452395,1180.2460783395195,-48.462145825143125
shop-stair-surfaces,60,1,30.29434719230769,9.70565280769231,11.720254314199492,1041.344464415819,1121.2437816334434,-43.762271278985054
shop-stair-surfaces,60,2,30.459568653846155,9.540431346153845,11.713288310814876,1016.2977136507145,1067.069377677588,-39.64438579891953
shop-stair-surfaces,60,3,30.624790115384613,9.375209884615387,11.721017500160226,993.2198724178256,1017.1535899930059,-36.01845735267921
shop-stair-surfaces,60,4,30.790011576923078,9.209988423076922,11.743412866363895,971.8875585494657,971.0132582727047,-32.81106080765767
shop-stair-surfaces,60,5,30.955233038461536,9.044766961538464,11.780390765366365,952.1099501984756,928.2356479496932,-29.961848511816015
shop-stair-surfaces,60,6,31.1204545,8.879545499999999,11.83181447384999,933.723061904117,888.4660697201068,-27.420863987274288
shop-stair-surfaces,60,7,31.28567596153846,8.714324038461541,11.897496678987254,916.5851871312062,851.3980220679575,-25.14647648589346
shop-stair-surfaces,60,8,31.450897423076924,8.549102576923076,11.97720280505628,900.5732390595376,816.7652766436177,-23.103777902804495
shop-stair-surfaces,60,9,31.616118884615382,8.383881115384618,12.07065504288862,885.5797896457811,784.3354739578267,-21.263327614972468
shop-stair-surfaces,60,10,31.781340346153847,8.218659653846153,12.177536927449896,871.5106562930873,753.9049035135545,-19.600161685228613
shop-stair-surfaces,60,11,31.946561807692305,8.053438192307695,12.297498298370627,858.2829215052835,725.2942204538666,-18.09300476617966
shop-stair-surfaces,60,12,32.11178326923077,7.88821673076923,12.430160477704224,845.8232975264489,698.3449083894905,-16.723638743627816
shop-stair-surfaces,60,13,32.27700473076923,7.722995269230772,12.575121507506832,834.0667678297501,672.9163410323504,-15.476393545766086
shop-stair-surfaces,60,14,32.44222619230769,7.557773807692307,12.731961305300558,822.9554522770318,648.8833276135961,-14.337733883101464
shop-stair-surfaces,60,15,32.60744765384615,7.392552346153849,12.900246616046132,812.4376541328938,626.1340516404221,-13.295921848339958
shop-stair-surfaces,60,16,32.772669115384616,7.227330884615384,13.079535662781675,802.4670558191432,604.5683313681044,-12.340739902817063
shop-stair-surfaces,60,17,32.937890576923074,7.062109423076926,13.269382422598833,793.0020370119724,584.096144890974,-11.463262233462387
shop-stair-surfaces,60,18,33.10311203846154,6.896887961538461,13.469340478449604,784.0050939060193,564.6363740504057,-10.65566508495101
shop-stair-surfaces,60,19,33.2683335,6.731666500000003,13.67896641912891,775.4423425572362,546.1157301995154,-9.91106867295639
shop-stair-surfaces,60,20,33.43355496153846,6.566445038461538,13.897822778800345,767.2830924374535,528.4678318309286,-9.223404823465444
shop-stair-surfaces,60,21,33.59877642307692,6.40122357692308,14.125480523162931,759.4994788871966,511.6324095974241,-8.587305674694619
shop-stair-surfaces,60,22,33.763997884615385,6.236002115384615,14.361521101666003,752.066145189795,495.5546186600559,-7.998009706446624
shop-stair-surfaces,60,23,33.92921934615384,6.070780653846157,14.605538094194602,744.9599666230777,480.18444183088684,-7.451282089536676
shop-stair-surfaces,60,24,34.09444080769231,5.905559192307692,14.857138486679407,738.1598101615629,465.47616982530667,-6.9433469215478
shop-stair-surfaces,60,25,34.259662269230766,5.740337730769234,15.115943613542637,731.6463245690002,451.3879472466021,-6.470829369982482
shop-stair-surfaces,62,0,34.425383796874996,5.574616203125004,19.861457611311327,661.5997370112017,375.88568368253533,-4.672259922992737
shop-stair-surfaces,62,1,34.591605390625,5.4083946093750015,20.282339822564605,656.8277329972665,365.76077855560646,-4.345251924976651
shop-stair-surfaces,62,2,34.757826984375,5.242173015624999,20.708309770676802,652.2535206783494,356.05553404528854,-4.0408511024660925
shop-stair-surfaces,62,3,34.924048578124996,5.075951421875004,21.139059891274073,647.865052520403,346.744388534513,-3.7571520134605407
shop-stair-surfaces,62,4,35.090270171875,4.909729828125002,21.574303865100283,643.6512399431537,337.80381504741695,-3.4924412262185456
shop-stair-surfaces,62,5,35.256491765625,4.743508234375,22.013775143957822,639.6018597687962,329.21212275870346,-3.2451748098921485
shop-stair-surfaces,62,6,35.422713359374995,4.577286640625005,22.45722555352808,635.7074714128341,320.9492812949529,-3.0139588265346333
shop-stair-surfaces,62,7,35.588934953125,4.411065046875002,22.904423976244832,631.9593434050411,312.99676483191774,-2.797532377291475
shop-stair-surfaces,62,8,35.755156546875,4.244843453125,23.35515511516395,628.3493880367071,305.3374134336183,-2.5947528290078594
shop-stair-surfaces,62,9,35.921378140625,4.078621859374998,23.809218338101818,624.8701031046593,297.9553094488632,-2.4045829077568897
shop-stair-surfaces,62,10,36.087599734375,3.9124002656250028,24.266426600092647,621.5145198689356,290.8356670914811,-2.226079395487716
shop-stair-surfaces,62,11,36.253821328125,3.7461786718750005,24.726605441350202,618.2761564644137,283.96473359235677,-2.058383207091026
shop-stair-surfaces,62,12,36.420042921875,3.5799570781249983,25.189592057335503,615.1489761110025,277.32970053274056,-1.9007106593029448
shop-stair-surfaces,62,13,36.586264515625,3.413735484375003,25.65523443716693,612.1273495555176,270.9186241560333,-1.7523457712850359
shop-stair-surfaces,62,14,36.752486109375,3.247513890625001,26.123390566411107,609.2060212536041,264.72035361495466,-1.6126334604684303
shop-stair-surfaces,62,15,36.918707703125,3.0812922968749987,26.593927690222127,606.3800788643025,258.7244662472381,-1.4809735171537568
shop-stair-surfaces,62,16,37.084929296874996,2.9150707031250036,27.06672163281905,603.6449256847598,252.9212090895287,-1.3568152580971855
shop-stair-surfaces,62,17,37.251150890625,2.7488491093750014,27.541656169383025,600.996255699715,247.30144593912073,-1.239652773419806
shop-stair-surfaces,62,18,37.417372484375,2.582627515624999,28.01862244659355,598.4300309608956,241.85660935913245,-1.1290206931195712
shop-stair-surfaces,62,19,37.583594078124996,2.416405921875004,28.497518448195503,595.9424610463676,236.578657096803,-1.0244904095692107
shop-stair-surfaces,62,20,37.749815671875,2.250184328125002,28.978248502177898,593.5299843801055,231.4600324486455,-0.9256667009997841
shop-stair-surfaces,62,21,37.916037265625,2.0839627343749996,29.46072282634886,591.1892512181369,226.49362816164628,-0.832184708288537
shop-stair-surfaces,62,22,38.082258859374996,1.9177411406250044,29.944857109296343,588.9171081303566,221.67275350785246,-0.7437072236387223
shop-stair-surfaces,62,23,38.248480453125,1.7515195468750022,30.430572123928982,586.7105838268153,216.99110421158696,-0.6599222551043624
shop-stair-surfaces,62,24,38.414702046875,1.585297953125,30.917793370992,584.5668761945312,212.44273494505507,-0.5805408355123234
shop-stair-surfaces,62,25,38.580923640624995,1.4190763593750049,31.406450750145506,582.4833404258908,208.0220341400178,-0.505295048303708
shop-stair-surfaces,62,26,38.747145234375,1.2528547656250026,31.896478256376817,580.4574781328915,203.72370089114733,-0.433936246225727
shop-stair-surfaces,62,27,38.913366828125,1.0866331718750004,32.38781369969217,578.4869273530127,199.54272375118606,-0.3662334417617501
shop-stair-surfaces,62,28,39.079588421875,0.9204115781249982,32.880398446196814,576.5694533626661,195.47436123956183,-0.3019718507418645
shop-stair-surfaces,62,29,39.245810015625,0.7541899843750031,33.374177178824965,574.7029402230967,191.5141239050758,-0.24095157279296586
shop-stair-surfaces,62,30,39.412031609375,0.5879683906250008,33.869097676123374,572.8853829915043,187.65775779999765,-0.1829863942166412
shop-stair-surfaces,62,31,39.578253203125,0.4217467968749986,34.365110607623755,571.1148805371,183.90122923768126,-0.12790270056180475
shop-stair-surfaces,64,0,39.74455959090909,0.2554404090909088,35.82859514073929,564.4849886147363,180.09594331220458,-0.05731876998487451
shop-stair-surfaces,64,1,39.91095077272727,0.08904922727273146,36.23508981308348,561.5886216268601,176.6236117133269,-0.01960274570188858
shop-stair-surfaces,64,2,40.07734195454545,-0.077341954545453,36.64288868967462,558.7472499726191,173.21721168857954,0.016705542243215632
shop-stair-surfaces,64,3,40.24373313636364,-0.24373313636363747,37.05194870778038,555.9593220309155,169.87488306520618,0.051664937175303294
shop-stair-surfaces,64,4,40.410124318181815,-0.41012431818181483,37.46222855520653,553.2233440060984,166.59483499492507,0.08533139067225193
shop-stair-surfaces,64,5,40.5765155,-0.5765154999999993,37.87368858930326,550.5378772590453,163.3753427542799,0.11775812765756655
shop-stair-surfaces,64,6,40.742906681818184,-0.7429066818181838,38.28629075994367,547.9015357847179,160.21474472058483,0.1489958007313419
shop-stair-surfaces,64,7,40.90929786363636,-0.9092978636363611,38.69999853628966,545.3129838268862,157.1114395123222,0.17909263452645519
shop-stair-surfaces,64,8,41.075689045454546,-1.0756890454545456,39.114776837163916,542.7709336214089,154.0638832836525,0.2080945608171021
shop-stair-surfaces,64,9,41.24208022727273,-1.24208022727273,39.53059196485545,540.2741432600454,151.07058716343522,0.23604534504428898
shop-stair-surfaces,64,10,41.40847140909091,-1.4084714090909074,39.947411542189954,537.8214146673724,148.13011482983214,0.26298670487128106
shop-stair-surfaces,64,11,41.57486259090909,-1.5748625909090919,40.36520445270573,535.4115916838576,145.2410802121934,0.2889584213333194
shop-stair-surfaces,64,12,41.74125377272727,-1.7412537727272692,40.783940783779364,533.0435582486709,142.40214531250115,0.31399844310314506
shop-stair-surfaces,64,13,41.907644954545454,-1.9076449545454537,41.20359177255481,530.7162366762128,139.61201813917498,0.33814298434910484
shop-stair-surfaces,64,14,42.07403613636364,-2.074036136363638,41.62412975453442,528.4285860207785,136.86945074653858,0.36142661663055264
shop-stair-surfaces,64,15,42.240427318181816,-2.2404273181818155,42.045528114696424,526.1796005241455,134.1732373736937,0.3838823552384838
shop-stair-surfaces,64,16,42.4068185,-2.4068185,42.46776124101179,523.968308141209,131.52221267697243,0.40554174035739265
shop-stair-surfaces,64,17,42.573209681818184,-2.5732096818181844,42.89080448023654,521.7937691391417,128.9152500505237,0.4264349134006409
shop-stair-surfaces,64,18,42.73960086363636,-2.739600863636362,43.31463409586441,519.6550747658174,126.35126002994934,0.4465906888373752
shop-stair-surfaces,64,19,42.905992045454546,-2.9059920454545463,43.73922722812783,517.5513459835548,123.8291887742356,0.46603662181550476
shop-stair-surfaces,64,20,43.07238322727273,-3.0723832272727307,44.16456185594311,515.481732264454,121.3480166215401,0.48479907185293314
shop-stair-surfaces,64,21,43.23877440909091,-3.238774409090908,44.59061676069854,513.445410443876,118.90675671467201,0.5029032628566483
shop-stair-surfaces,64,22,43.40516559090909,-3.4051655909090925,45.017371491791934,511.4415836288035,116.50445369237531,0.5203733397057135
shop-stair-surfaces,64,23,43.57155677272727,-3.57155677272727,45.44480633382604,509.46948015805265,114.14018244276909,0.5372324216211553
shop-stair-surfaces,64,24,43.737947954545454,-3.7379479545454544,45.87290227537763,507.5283526114788,111.81304691552546,0.5535026525269018
shop-stair-surfaces,64,25,43.90433913636364,-3.904339136363639,46.30164097925888,505.61747686550405,109.52217898958543,0.5692052485907482
shop-stair-surfaces,64,26,44.070730318181816,-4.070730318181816,46.73100475419357,503.73615119246665,107.26673739340163,0.5843605431267065
shop-stair-surfaces,64,27,44.2371215,-4.237121500000001,47.16097652783692,501.8836954014254,105.04590667489055,0.5989880290188694
shop-stair-surfaces,64,28,44.403512681818185,-4.403512681818185,47.59153982106848,500.05945001822573,102.85889621844382,0.6131063988245273
shop-stair-surfaces,64,29,44.56990386363636,-4.5699038636363625,48.02267872349433,498.2627755027347,100.70493930650838,0.626733582694726
shop-stair-surfaces,64,30,44.73629504545455,-4.736295045454547,48.454377870095506,496.49305150130664,98.58329222339529,0.6398867842517575
shop-stair-surfaces,64,31,44.90268622727273,-4.902686227272731,48.88662241896545,494.7496761326332,96.49323339911996,0.6525825145394037
shop-stair-surfaces,64,32,45.06907740909091,-5.069077409090909,49.31939803007967,493.0320653052601,94.43406259119803,0.6648366241713006
hill-stair-surfaces,744,0,79.47733913333333,9.52266086666667,17.02416191616972,1284.4103272272264,915.5211175973704,-13.279649452306671
hill-stair-surfaces,744,1,79.6451754,9.3548246,16.967864145556756,1260.1107572149685,892.4098366202262,-12.527435898602562
hill-stair-surfaces,744,2,79.81301166666667,9.186988333333332,16.918256888590413,1236.7769603624606,870.2171009031019,-11.823542408865933
hill-stair-surfaces,744,3,79.98084793333334,9.019152066666663,16.875399148072518,1214.352482351353,848.8892168368793,-11.16410992984595
hill-stair-surfaces,744,4,80.1486842,8.851315799999995,16.83934245858061,1192.785184820126,828.3765957118837,-10.545650462988192
hill-stair-surfaces,744,5,80.31652046666667,8.683479533333326,16.810130583672095,1172.0268406532623,808.6333687980477,-9.965005411805805
hill-stair-surfaces,744,6,80.48435673333334,8.515643266666657,16.787799254667647,1152.0327739721006,789.6170449408403,-9.419309259250554
hill-stair-surfaces,744,7,80.65219300000001,8.347806999999989,16.77237595458957,1132.7615391712443,771.2882052932894,-8.905957811719645
hill-stair-surfaces,744,8,80.82002926666667,8.179970733333334,16.763879750264575,1114.174634147574,753.6102305686022,-8.422580367008436
hill-stair-surfaces,744,9,80.98786553333333,8.012134466666666,16.762321174966385,1096.2362435464397,736.5490568420132,-7.967015263309804
hill-stair-surfaces,744,10,81.1557018,7.844298199999997,16.76770216327464,1078.9130084221256,720.0729564752493,-7.537288349202299
hill-stair-surfaces,744,11,81.32353806666667,7.676461933333329,16.780016039086597,1062.1738191957643,704.1523411991448,-7.131593983817538
hill-stair-surfaces,744,12,81.49137433333334,7.50862566666666,16.799247556955777,1045.989629207119,688.7595847830275,-6.748278233960718
hill-stair-surfaces,744,13,81.65921060000001,7.340789399999991,16.82537299616051,1030.3332865093498,673.8688630550287,-6.385823983543787
hill-stair-surfaces,744,14,81.82704686666668,7.172953133333323,16.858360306154612,1015.1793818577905,659.4560093244343,-6.042837711394441
hill-stair-surfaces,744,15,81.99488313333333,7.005116866666668,16.898169301332466,1000.5041111024303,645.4983835034159,-5.718037727832211
hill-stair-surfaces,744,16,82.1627194,6.8372806,16.944751902374367,986.2851504166694,631.9747534372959,-5.410243689650088
hill-stair-surfaces,744,17,82.33055566666667,6.669444333333331,16.998052420842445,972.5015429866917,618.8651871350063,-5.118367237588359
hill-stair-surfaces,744,18,82.49839193333334,6.5016080666666625,17.058007883177773,959.1335959519142,606.1509547493117,-4.8414036216302065
hill-stair-surfaces,744,19,82.6662282,6.333771799999994,17.124548389828135,946.1627865305375,593.81443929298,-4.578424197104482
hill-stair-surfaces,744,20,82.83406446666667,6.165935533333325,17.19759750490566,933.5716763891844,581.839055195889,-4.328569690086169
hill-stair-surfaces,744,21,83.00190073333334,5.998099266666657,17.277072671551405,921.343833424128,570.2091739112724,-4.0910441435655684
hill-stair-surfaces,744,22,83.169737,5.830263000000002,17.36288564805871,909.4637602163089,558.9100558694141,-3.865109467142588
hill-stair-surfaces,744,23,83.33757326666667,5.662426733333334,17.45494295978125,897.9168285051883,547.9277881558307,-3.650080522775852
hill-stair-surfaces,744,24,83.50540953333334,5.494590466666665,17.553146361921392,886.6892190988087,537.2492273598358,-3.4453206873300815
hill-stair-surfaces,744,25,83.6732458,5.326754199999996,17.65739330844195,875.767866701127,526.8619470999018,-3.250237840067598
hill-stair-surfaces,744,26,83.84108206666667,5.158917933333328,17.767577422573694,865.1404091934293,516.7541897853021,-3.0642807293234
hill-stair-surfaces,744,27,84.00891833333334,4.991081666666659,17.88358896467516,854.7951409559423,506.9148222203663,-2.886935678192856
hill-stair-surfaces,744,28,84.17675460000001,4.8232453999999905,18.005315293543497,844.7209698590299,497.33329469888747,-2.7177235936658235
hill-stair-surfaces,744,29,84.34459086666668,4.655409133333322,18.13264131764965,834.9073775918127,487.9996032727288,-2.5561972478326425
hill-stair-surfaces,744,30,84.51242713333333,4.487572866666667,18.265449933174875,825.3443830299011,478.90425491093805,-2.401938803381654
hill-stair-surfaces,744,31,84.6802634,4.319736599999999,18.40362244614534,816.0225083740368,470.0382352942662,-2.2545575586942164
hill-stair-surfaces,744,32,84.84809966666667,4.15190033333333,18.547038976380296,806.9327478181929,461.392979015448,-2.1136878906924608
hill-stair-surfaces,744,33,85.01593593333334,3.9840640666666616,18.695578841390258,798.0665385293582,452.9603419781248,-1.9789873759115153
hill-stair-surfaces,744,34,85.1837722,3.816227799999993,18.849120918760878,789.4157337424821,444.7325758074858,-1.8501350724903887
hill-stair-surfaces,744,35,85.35160846666668,3.6483915333333243,19.007543985945656,780.9725777928322,436.70230410359494,-1.7268299475639992
hill-stair-surfaces,744,36,85.51944473333334,3.4805552666666557,19.170727036745667,772.7296829249897,428.86250038444757,-1.6087894362494808
hill-stair-surfaces,744,37,85.68728100000001,3.312718999999987,19.338549574084478,764.6800077326495,421.20646758011975,-1.4957481198474056
hill-stair-surfaces,744,38,85.85511726666667,3.1448827333333327,19.510891878983877,756.8168370970508,413.72781895222886,-1.3874565121684554
hill-stair-surfaces,744,39,86.02295353333334,2.977046466666664,19.687635255907075,749.1337635038578,406.4204603244507,-1.2836799440603954
hill-stair-surfaces,744,40,86.1907898,2.8092101999999954,19.868662254868386,741.6246696292421,399.27857352018214,-1.1841975371895614
hill-stair-surfaces,744,41,86.35862606666667,2.641373933333327,20.053856870901182,734.2837120957395,392.29660091274536,-1.0888012590606309
hill-stair-surfaces,744,42,86.52646233333334,2.473537666666658,20.243104721640645,727.1053063071577,385.4692310019144,-0.997295052044592
hill-stair-surfaces,744,43,86.69429860000001,2.3057013999999896,20.43629320391032,720.0841122799018,378.7913849380904,-0.9094940298966776
hill-stair-surfaces,744,44,86.86213486666668,2.137865133333321,20.633311630303872,713.2150213950833,372.2582039222763,-0.8252237358910293
hill-stair-surfaces,746,0,87.02997112222224,1.9700288777777644,22.34642353255469,664.6099150474864,361.15649721906414,-0.6423389843434393
hill-stair-surfaces,746,1,87.19780736666667,1.802192633333334,22.563404117361998,658.9083777384832,355.3876916746003,-0.5761526880886549
hill-stair-surfaces,746,2,87.36564361111112,1.6343563888888752,22.78342475984908,653.3180929009444,349.73145118749653,-0.5124025583225489
hill-stair-surfaces,746,3,87.53347985555556,1.466520144444445,23.006398239821532,647.8358357405006,344.1845129164087,-0.45098545469619467
hill-stair-surfaces,746,4,87.70131610000001,1.2986838999999861,23.23223953707572,642.4585049031025,338.7437389167008,-0.39180340556833926
hill-stair-surfaces,746,5,87.86915234444444,1.1308476555555558,23.46086583236238,637.1831166246363,333.4061102210227,-0.3347633063050921
hill-stair-surfaces,746,6,88.0369885888889,0.963011411111097,23.692196501325004,632.0067992101106,328.1687212533728,-0.2797766377130415
hill-stair-surfaces,746,7,88.20482483333333,0.7951751666666667,23.926153102158395,626.9267878210196,323.02877455495417,-0.22675920309382036
hill-stair-surfaces,746,8,88.37266107777779,0.6273389222222079,24.162659357688614,621.9404195509503,317.98357580168306,-0.17563088253263004
hill-stair-surfaces,746,9,88.54049732222222,0.45950267777777754,24.40164113252855,617.045128771036,313.0305290947303,-0.12631540315430811
hill-stair-surfaces,746,10,88.70833356666668,0.29166643333331876,24.64302640592194,612.2384427281479,308.1671325067735,-0.07874012417551057
hill-stair-surfaces,746,11,88.87616981111111,0.12383018888888842,24.88674524083989,607.5179773799584,303.3909738679312,-0.03283583568349968
hill-stair-surfaces,746,12,89.04400605555557,-0.044006055555570356,25.132729749854203,602.8814334521505,298.6997267764404,0.011463429845093742
hill-stair-surfaces,746,13,89.2118423,-0.2118423000000007,25.380914058268125,598.3265927040477,294.0911468202404,0.054220574193152515
hill-stair-surfaces,746,14,89.37967854444446,-0.3796785444444595,25.63123426494357,593.8513143899463,289.56306799654516,0.09549559905502747
hill-stair-surfaces,746,15,89.54751478888889,-0.5475147888888898,25.88362840122861,589.4535319042734,285.1133993174281,0.1353457614616218
hill-stair-surfaces,746,16,89.71535103333335,-0.7153510333333486,26.138036388347928,585.1312495995354,280.740121590219,0.1738257196885229
hill-stair-surfaces,746,17,89.88318727777778,-0.883187277777779,26.39439999358868,580.882539766748,276.4412843623215,0.21098767030349563
hill-stair-surfaces,746,18,90.05102352222224,-1.0510235222222377,26.652662785578315,576.7055397687792,272.21500302071524,0.2468814769575829
hill-stair-surfaces,746,19,90.21885976666667,-1.218859766666668,26.912770088922255,572.5984493176005,268.059456037105,0.281554791480346
hill-stair-surfaces,746,20,90.38669601111113,-1.3866960111111268,27.17466893844104,568.5595278871393,263.9728823502322,0.31505316779492887
hill-stair-surfaces,746,21,90.55453225555556,-1.5545322555555572,27.438308033218753,564.5870922538812,259.95357887746906,0.34742016913435236
hill-stair-surfaces,746,22,90.72236850000002,-1.722368500000016,27.70363769065289,560.6795141579325,255.99989814828558,0.3786974689992917
hill-stair-surfaces,746,23,90.89020474444445,-1.8902047444444463,27.970609800670648,556.8352180777352,252.11024605270353,0.40892494627019005
hill-stair-surfaces,746,24,91.0580409888889,-2.058040988888905,28.239177780258135,553.0526791119994,248.28307969824965,0.43814077485353664
hill-stair-surfaces,746,25,91.22587723333334,-2.2258772333333354,28.509296528429445,549.3304209629321,244.51690536937912,0.46638150821581803
hill-stair-surfaces,746,26,91.3937134777778,-2.393713477777794,28.78092238174549,545.667014015094,240.8102765836756,0.49368215913276003
hill-stair-surfaces,746,27,91.56154972222222,-2.5615497222222245,29.05401307047678,542.0610735046904,237.16179223953736,0.5200762749599335
hill-stair-surfaces,746,28,91.72938596666668,-2.7293859666666833,29.328527675491276,538.5112577743303,233.57009485034484,0.5455960087037397
hill-stair-surfaces,746,29,91.89722221111111,-2.8972222111111137,29.60442658593343,535.0162666086471,230.03386886045308,0.5702721861618159
hill-stair-surfaces,746,30,92.06505845555557,-3.0650584555555724,29.88167145775198,531.5748396464595,226.551839038603,0.5941343693723411
hill-stair-surfaces,746,31,92.2328947,-3.232894700000003,30.160225173121326,528.1857548653577,223.12276894464796,0.617210916602744
hill-stair-surfaces,746,32,92.40073094444446,-3.4007309444444616,30.440051800793164,524.8478271349389,219.74545946570223,0.6395290390916273
hill-stair-surfaces,746,33,92.56856718888889,-3.568567188888892,30.721116557407353,521.5599068350502,216.41874741809423,0.6611148547352741
hill-stair-surfaces,746,34,92.73640343333334,-3.7364034333333365,31.003385769781385,518.3208785356799,213.1415042116742,0.6819934389143896
hill-stair-surfaces,746,35,92.90423967777778,-3.904239677777781,31.286826838195097,515.1296597353025,209.9126345732803,0.7021888726189047
hill-stair-surfaces,746,36,93.07207592222224,-4.07207592222224,31.57140820067688,511.9851996546847,206.73107532630792,0.7217242880457491
hill-stair-surfaces,746,37,93.23991216666668,-4.239912166666684,31.857099298297225,508.8864780833204,203.59579422354176,0.7406219118090576
hill-stair-surfaces,746,38,93.40774841111111,-4.407748411111115,32.14387054146746,505.8325042758502,200.50578883054786,0.75890310590583
hill-stair-surfaces,746,39,93.57558465555556,-4.575584655555559,32.431693277238956,502.822315895939,197.46008545709287,0.7765884065740067
hill-stair-surfaces,746,40,93.74342090000002,-4.743420900000018,32.72053975759632,499.85497800525957,194.45773813420217,0.7936975611530386
hill-stair-surfaces,746,41,93.91125714444446,-4.911257144444463,33.010383108731354,496.92958209534777,191.49782763458919,0.8102495630755584
hill-stair-surfaces,746,42,94.0790933888889,-5.079093388888893,33.30119730128684,494.04524516021615,188.57946053433272,0.8262626850863057
hill-stair-surfaces,746,43,94.24692963333334,-5.2469296333333375,33.59295712155293,491.20110880775917,185.7017683137874,0.8417545107945159
hill-stair-surfaces,746,44,94.4147658777778,-5.414765877777796,33.885638143599955,488.3963384080322,182.86390649582873,0.8567419646533381
hill-stair-surfaces,748,0,94.58260213333334,-5.582602133333339,35.985718341438584,468.4412050290617,185.69843364987238,0.7915380070264177
hill-stair-surfaces,748,1,94.75043840000001,-5.750438400000007,36.28187868180178,465.9520128775184,183.0300411984555,0.8047944594730438
hill-stair-surfaces,748,2,94.91827466666668,-5.918274666666676,36.57882166752747,463.4950072257037,180.39615239629057,0.817644640974919
hill-stair-surfaces,748,3,95.08611093333334,-6.0861109333333445,36.87652839220001,461.0695678025147,177.79610231811813,0.8301008471962632
hill-stair-surfaces,748,4,95.25394720000001,-6.253947200000013,37.17498050717513,458.675090172905,175.229243014801,0.8421749473460522
hill-stair-surfaces,748,5,95.42178346666668,-6.421783466666682,37.47416020312035,456.3109852357176,172.69494297499213,0.8538784012225733
hill-stair-surfaces,748,6,95.58961973333334,-6.589619733333336,37.77405019218315,453.97667874048165,170.19258660715752,0.8652222754832053
hill-stair-surfaces,748,7,95.757456,-6.757456000000005,38.07463369076806,451.67161082238624,167.7215737410622,0.8762172591793274
hill-stair-surfaces,748,8,95.92529226666667,-6.925292266666673,38.375894402905224,449.39523555460994,165.2813191478759,0.8868736785881595
hill-stair-surfaces,748,9,96.09312853333334,-7.093128533333342,38.67781650419083,447.1470205172612,162.87125207808398,0.8972015113858447
hill-stair-surfaces,748,10,96.26096480000001,-7.260964800000011,38.98038462628276,444.9264463822327,160.49081581644464,0.9072104001873527
hill-stair-surfaces,748,11,96.42880106666668,-7.428801066666679,39.283583841933144,442.7330065132526,158.13946725326022,0.9169096654879354
hill-stair-surfaces,748,12,96.59663733333335,-7.596637333333348,39.58739965054027,440.56620658052816,155.81667647126855,0.9263083180387071
hill-stair-surfaces,748,13,96.7644736,-7.764473600000002,39.89181796420369,438.42556418933503,153.52192634749824,0.935415070675333
hill-stair-surfaces,748,14,96.93230986666667,-7.932309866666671,40.19682509426453,436.31060852197504,151.25471216945175,0.9442383496393632
hill-stair-surfaces,748,15,97.10014613333334,-8.10014613333334,40.50240773831583,434.2208799925586,149.01454126502873,0.9527863054052546
hill-stair-surfaces,748,16,97.26798240000001,-8.267982400000008,40.8085529676665,432.1559299140482,146.8009326456091,0.961066823043808
hill-stair-surfaces,748,17,97.43581866666668,-8.435818666666677,41.115248215243135,430.115320177094,144.61341666175915,0.9690875321448686
hill-stair-surfaces,748,18,97.60365493333335,-8.603654933333345,41.42248126391552,428.0986229401493,142.45153467104262,0.976855816312252
hill-stair-surfaces,748,19,97.7714912,-8.7714912,41.73024023522949,426.1054203304193,140.3148387174385,0.9843788222657395
hill-stair-surfaces,748,20,97.93932746666667,-8.939327466666668,42.038513578534904,424.135304155203,138.20289122190167,0.9916634685517067
hill-stair-surfaces,748,21,98.10716373333334,-9.107163733333337,42.347290060492966,422.1878756232021,136.11526468361242,0.9987164538956677
hill-stair-surfaces,748,22,98.275,-9.275000000000006,42.656558754950495,420.26274507541166,134.05154139148746,1.0055442652063107
hill-stair-surfaces,748,23,98.44283626666667,-9.442836266666674,42.966309033168415,418.3595317251943,132.01131314554627,1.0121531852441024
hill-stair-surfaces,748,24,98.61067253333334,-9.610672533333343,43.27653055439021,416.47786340718477,129.99418098773648,1.0185492999822827
hill-stair-surfaces,748,25,98.7785088,-9.778508799999997,43.58721325674053,414.61737633467425,127.99975494185438,1.0247385056568703
hill-stair-surfaces,748,26,98.94634506666667,-9.946345066666666,43.89834734843947,412.7777148651416,126.02765376219259,1.030726515538845
hill-stair-surfaces,748,27,99.11418133333333,-10.114181333333335,44.2099232993235,410.95853127361204,124.07750469058797,1.0365188664265759
hill-stair-surfaces,748,28,99.2820176,-10.282017600000003,44.52193183266039,409.15948553354855,122.14894322153421,1.0421209248755758
hill-stair-surfaces,748,29,99.44985386666667,-10.449853866666672,44.834363917247735,407.3802451049724,120.24161287505083,1.0475378931852504
hill-stair-surfaces,748,30,99.61769013333334,-10.61769013333334,45.14721075978582,405.62048472954825,118.35516497701641,1.052774815137667
hill-stair-surfaces,748,31,99.78552640000001,-10.785526400000009,45.46046379751303,403.8798862323605,116.48925844667323,1.0578365815169377
hill-stair-surfaces,748,32,99.95336266666666,-10.953362666666663,45.77411469109617,402.15813833012794,114.6435595910394,1.0627279354054053
hill-stair-surfaces,748,33,100.12119893333333,-11.121198933333332,46.0881553177649,400.454936445626,112.81774190596175,1.0674534772732045
hill-stair-surfaces,748,34,100.2890352,-11.2890352,46.40257776468215,398.7699825280564,111.01148588356546,1.0720176698709167
hill-stair-surfaces,748,35,100.45687146666667,-11.45687146666667,46.71737432254188,397.102984879178,109.22447882585905,1.076424842926997
hill-stair-surfaces,748,36,100.62470773333334,-11.624707733333338,47.032537479385205,395.4536579849545,107.45641466426491,1.080679197669923
hill-stair-surfaces,748,37,100.792544,-11.792544000000007,47.34805991462813,393.8217223525302,105.70699378486182,1.0847848111705787
hill-stair-surfaces,748,38,100.96038026666668,-11.960380266666675,47.66393449329185,392.2069043523437,103.97592285912452,1.0887456405209832
hill-stair-surfaces,748,39,101.12821653333333,-12.12821653333333,47.980154260429124,390.6089360651687,102.26291467996259,1.0925655268539458
hill-stair-surfaces,748,40,101.2960528,-12.296052799999998,48.29671243573939,389.0275551339343,100.56768800286466,1.0962481992068547
hill-stair-surfaces,748,41,101.46388906666667,-12.463889066666667,48.61360240836497,387.46250462012483,98.88996739196426,1.0997972782451484
hill-stair-surfaces,748,42,101.63172533333334,-12.631725333333335,48.930817731863385,385.91353286460753,97.2294830708505,1.1032162798404102
hill-stair-surfaces,748,43,101.7995616,-12.799561600000004,49.248352119347544,384.3803933527365,95.58597077795275,1.1065086185171253
hill-stair-surfaces,748,44,101.96739786666667,-12.967397866666673,49.56619943878907,382.8628445835546,93.95917162633714,1.109677610771314
