view,target_u,target_height,worst_occlusion,source_x,source_north,ray_height,rendered_terrain
east,9.05,30.921515,-0.9008251076959226,88.06097499664307,280.047825,30.922340000274048,30.021514892578125
east,9.05,32.771515,-2.0510501654261404,96.43187323760986,278.908125,32.23339014387512,30.18233997844898
east,10.55,30.921515,-0.3886396034622095,94.99412353973389,279.951375,31.280390119210814,30.891750515748605
east,10.55,32.771515,-1.4338896034622124,94.99412353973389,279.951375,32.32564011921082,30.891750515748605
east,12.05,30.921515,0.7624749761252794,92.85347398956299,281.492325,31.169840082488403,31.932315058613682
east,12.05,32.771515,-0.5288597375695119,92.86944898620605,281.48715,32.461965082762454,31.933105345192942
southeast,9.05,30.921515,-0.9107827931665042,88.054955,280.03295,30.93229768574463,30.021514892578125
southeast,9.05,32.771515,-2.758932793166508,88.054955,280.03295,32.78044768574463,30.021514892578125
southeast,10.55,30.921515,-0.9107827931665042,88.054955,281.53145,30.93229768574463,30.021514892578125
southeast,10.55,32.771515,-2.758932793166508,88.054955,281.53145,32.78044768574463,30.021514892578125
southeast,12.05,30.921515,-0.9107827931665042,88.054955,283.02995,30.93229768574463,30.021514892578125
southeast,12.05,32.771515,-2.758932793166508,88.054955,283.02995,32.78044768574463,30.021514892578125
