face,window,level,u,depth,x,north,opening_low,opening_high,ground,terrain,sill_minus_ground
S,1,4.82,0.925,0.045,70.925,270.955,34.841515,36.631515,30.021515,30.021514893,4.82
S,1,4.82,0.925,0.225,70.925,270.775,34.841515,36.631515,30.021515000000004,30.021514893,4.819999999999997
S,1,4.82,0.925,0.3,70.925,270.7,34.841515,36.631515,30.021515,30.021514893,4.82
S,1,4.82,1.5875,0.045,71.5875,270.955,34.841515,36.631515,30.021515,30.021514893,4.82
S,1,4.82,1.5875,0.225,71.5875,270.775,34.841515,36.631515,30.021515,30.021514893,4.82
S,1,4.82,1.5875,0.3,71.5875,270.7,34.841515,36.631515,30.021515,30.021514893,4.82
S,1,4.82,2.25,0.045,72.25,270.955,34.841515,36.631515,30.021515,30.021514893,4.82
S,1,4.82,2.25,0.225,72.25,270.775,34.841515,36.631515,30.021515,30.021514893,4.82
S,1,4.82,2.25,0.3,72.25,270.7,34.841515,36.631515,30.021515,30.021514893,4.82
S,1,4.82,2.9124999999999996,0.045,72.9125,270.955,34.841515,36.631515,30.021515,30.021514893,4.82
S,1,4.82,2.9124999999999996,0.225,72.9125,270.775,34.841515,36.631515,30.021515,30.021514893,4.82
S,1,4.82,2.9124999999999996,0.3,72.9125,270.7,34.841515,36.631515,30.021515,30.021514893,4.82
S,1,4.82,3.575,0.045,73.575,270.955,34.841515,36.631515,30.021515,30.021514893,4.82
S,1,4.82,3.575,0.225,73.575,270.775,34.841515,36.631515,30.021515,30.021514893,4.82
S,1,4.82,3.575,0.3,73.575,270.7,34.841515,36.631515,30.021515,30.021514893,4.82
S,2,4.82,5.425,0.045,75.425,270.955,34.841515,36.631515,30.021514999999997,30.021514893,4.820000000000004
S,2,4.82,5.425,0.225,75.425,270.775,34.841515,36.631515,30.021515,30.021514893,4.82
S,2,4.82,5.425,0.3,75.425,270.7,34.841515,36.631515,30.021515,30.021514893,4.82
S,2,4.82,6.0874999999999995,0.045,76.0875,270.955,34.841515,36.631515,30.021515,30.021514893,4.82
S,2,4.82,6.0874999999999995,0.225,76.0875,270.775,34.841515,36.631515,30.021515,30.021514893,4.82
S,2,4.82,6.0874999999999995,0.3,76.0875,270.7,34.841515,36.631515,30.021515,30.021514893,4.82
S,2,4.82,6.75,0.045,76.75,270.955,34.841515,36.631515,30.021515,30.021514893,4.82
S,2,4.82,6.75,0.225,76.75,270.775,34.841515,36.631515,30.021515,30.021514893,4.82
S,2,4.82,6.75,0.3,76.75,270.7,34.841515,36.631515,30.021515000000004,30.021514893,4.819999999999997
S,2,4.82,7.4125,0.045,77.4125,270.955,34.841515,36.631515,30.021514999999997,30.021514893,4.820000000000004
S,2,4.82,7.4125,0.225,77.4125,270.775,34.841515,36.631515,30.021515,30.021514893,4.82
S,2,4.82,7.4125,0.3,77.4125,270.7,34.841515,36.631515,30.021515,30.021514893,4.82
S,2,4.82,8.075,0.045,78.075,270.955,34.841515,36.631515,30.021515,30.021514893,4.82
S,2,4.82,8.075,0.225,78.075,270.775,34.841515,36.631515,30.021515,30.021514893,4.82
S,2,4.82,8.075,0.3,78.075,270.7,34.841515,36.631515,30.021515,30.021514893,4.82
S,3,4.82,9.925,0.045,79.925,270.955,34.841515,36.631515,30.021514999999997,30.021514893,4.820000000000004
S,3,4.82,9.925,0.225,79.925,270.775,34.841515,36.631515,30.021397388157897,30.021397325,4.820117611842104
S,3,4.82,9.925,0.3,79.925,270.7,34.841515,36.631515,30.021259842105266,30.021259830,4.820255157894735
S,3,4.82,10.5875,0.045,80.5875,270.955,34.841515,36.631515,30.021515000000004,30.021514893,4.819999999999997
S,3,4.82,10.5875,0.225,80.5875,270.775,34.841515,36.631515,30.021515,30.021514893,4.82
S,3,4.82,10.5875,0.3,80.5875,270.7,34.841515,36.631515,30.021471144736847,30.021471054,4.820043855263155
S,3,4.82,11.25,0.045,81.25,270.955,34.841515,36.631515,30.021515,30.021514893,4.82
S,3,4.82,11.25,0.225,81.25,270.775,34.841515,36.631515,30.021515000000004,30.021514893,4.819999999999997
S,3,4.82,11.25,0.3,81.25,270.7,34.841515,36.631515,30.021515,30.021514893,4.82
S,3,4.82,11.912500000000001,0.045,81.9125,270.955,34.841515,36.631515,30.021515000000004,30.021514893,4.819999999999997
S,3,4.82,11.912500000000001,0.225,81.9125,270.775,34.841515,36.631515,30.021515,30.021514893,4.82
S,3,4.82,11.912500000000001,0.3,81.9125,270.7,34.841515,36.631515,30.021515000000004,30.021514893,4.819999999999997
S,3,4.82,12.575000000000001,0.045,82.575,270.955,34.841515,36.631515,30.021515,30.021514893,4.82
S,3,4.82,12.575000000000001,0.225,82.575,270.775,34.841515,36.631515,30.021515,30.021514893,4.82
S,3,4.82,12.575000000000001,0.3,82.575,270.7,34.841515,36.631515,30.021515,30.021514893,4.82
S,4,4.82,14.425,0.045,84.425,270.955,34.841515,36.631515,30.021515,30.021514893,4.82
S,4,4.82,14.425,0.225,84.425,270.775,34.841515,36.631515,30.021515000000004,30.021514893,4.819999999999997
S,4,4.82,14.425,0.3,84.425,270.7,34.841515,36.631515,30.021515,30.021514893,4.82
S,4,4.82,15.0875,0.045,85.0875,270.955,34.841515,36.631515,30.021515,30.021514893,4.82
S,4,4.82,15.0875,0.225,85.0875,270.775,34.841515,36.631515,30.021515,30.021514893,4.82
S,4,4.82,15.0875,0.3,85.0875,270.7,34.841515,36.631515,30.021515,30.021514893,4.82
S,4,4.82,15.75,0.045,85.75,270.955,34.841515,36.631515,30.021515,30.021514893,4.82
S,4,4.82,15.75,0.225,85.75,270.775,34.841515,36.631515,30.021515,30.021514893,4.82
S,4,4.82,15.75,0.3,85.75,270.7,34.841515,36.631515,30.021514999999997,30.021514893,4.820000000000004
S,4,4.82,16.4125,0.045,86.4125,270.955,34.841515,36.631515,30.021515,30.021514893,4.82
S,4,4.82,16.4125,0.225,86.4125,270.775,34.841515,36.631515,30.021515,30.021514893,4.82
S,4,4.82,16.4125,0.3,86.4125,270.7,34.841515,36.631515,30.021514999999997,30.021514893,4.820000000000004
S,4,4.82,17.075,0.045,87.075,270.955,34.841515,36.631515,30.021515,30.021514893,4.82
S,4,4.82,17.075,0.225,87.075,270.775,34.841515,36.631515,30.021515,30.021514893,4.82
S,4,4.82,17.075,0.3,87.075,270.7,34.841515,36.631515,30.021515,30.021514893,4.82
S,5,8.02,0.925,0.045,70.925,270.955,38.041515000000004,39.831515,30.021515,30.021514893,8.020000000000003
S,5,8.02,0.925,0.225,70.925,270.775,38.041515000000004,39.831515,30.021515000000004,30.021514893,8.02
S,5,8.02,0.925,0.3,70.925,270.7,38.041515000000004,39.831515,30.021515,30.021514893,8.020000000000003
S,5,8.02,1.5875,0.045,71.5875,270.955,38.041515000000004,39.831515,30.021515,30.021514893,8.020000000000003
S,5,8.02,1.5875,0.225,71.5875,270.775,38.041515000000004,39.831515,30.021515,30.021514893,8.020000000000003
S,5,8.02,1.5875,0.3,71.5875,270.7,38.041515000000004,39.831515,30.021515,30.021514893,8.020000000000003
S,5,8.02,2.25,0.045,72.25,270.955,38.041515000000004,39.831515,30.021515,30.021514893,8.020000000000003
S,5,8.02,2.25,0.225,72.25,270.775,38.041515000000004,39.831515,30.021515,30.021514893,8.020000000000003
S,5,8.02,2.25,0.3,72.25,270.7,38.041515000000004,39.831515,30.021515,30.021514893,8.020000000000003
S,5,8.02,2.9124999999999996,0.045,72.9125,270.955,38.041515000000004,39.831515,30.021515,30.021514893,8.020000000000003
S,5,8.02,2.9124999999999996,0.225,72.9125,270.775,38.041515000000004,39.831515,30.021515,30.021514893,8.020000000000003
S,5,8.02,2.9124999999999996,0.3,72.9125,270.7,38.041515000000004,39.831515,30.021515,30.021514893,8.020000000000003
S,5,8.02,3.575,0.045,73.575,270.955,38.041515000000004,39.831515,30.021515,30.021514893,8.020000000000003
S,5,8.02,3.575,0.225,73.575,270.775,38.041515000000004,39.831515,30.021515,30.021514893,8.020000000000003
S,5,8.02,3.575,0.3,73.575,270.7,38.041515000000004,39.831515,30.021515,30.021514893,8.020000000000003
S,6,8.02,5.425,0.045,75.425,270.955,38.041515000000004,39.831515,30.021514999999997,30.021514893,8.020000000000007
S,6,8.02,5.425,0.225,75.425,270.775,38.041515000000004,39.831515,30.021515,30.021514893,8.020000000000003
S,6,8.02,5.425,0.3,75.425,270.7,38.041515000000004,39.831515,30.021515,30.021514893,8.020000000000003
S,6,8.02,6.0874999999999995,0.045,76.0875,270.955,38.041515000000004,39.831515,30.021515,30.021514893,8.020000000000003
S,6,8.02,6.0874999999999995,0.225,76.0875,270.775,38.041515000000004,39.831515,30.021515,30.021514893,8.020000000000003
S,6,8.02,6.0874999999999995,0.3,76.0875,270.7,38.041515000000004,39.831515,30.021515,30.021514893,8.020000000000003
S,6,8.02,6.75,0.045,76.75,270.955,38.041515000000004,39.831515,30.021515,30.021514893,8.020000000000003
S,6,8.02,6.75,0.225,76.75,270.775,38.041515000000004,39.831515,30.021515,30.021514893,8.020000000000003
S,6,8.02,6.75,0.3,76.75,270.7,38.041515000000004,39.831515,30.021515000000004,30.021514893,8.02
S,6,8.02,7.4125,0.045,77.4125,270.955,38.041515000000004,39.831515,30.021514999999997,30.021514893,8.020000000000007
S,6,8.02,7.4125,0.225,77.4125,270.775,38.041515000000004,39.831515,30.021515,30.021514893,8.020000000000003
S,6,8.02,7.4125,0.3,77.4125,270.7,38.041515000000004,39.831515,30.021515,30.021514893,8.020000000000003
S,6,8.02,8.075,0.045,78.075,270.955,38.041515000000004,39.831515,30.021515,30.021514893,8.020000000000003
S,6,8.02,8.075,0.225,78.075,270.775,38.041515000000004,39.831515,30.021515,30.021514893,8.020000000000003
S,6,8.02,8.075,0.3,78.075,270.7,38.041515000000004,39.831515,30.021515,30.021514893,8.020000000000003
S,7,8.02,9.925,0.045,79.925,270.955,38.041515000000004,39.831515,30.021514999999997,30.021514893,8.020000000000007
S,7,8.02,9.925,0.225,79.925,270.775,38.041515000000004,39.831515,30.021397388157897,30.021397325,8.020117611842107
S,7,8.02,9.925,0.3,79.925,270.7,38.041515000000004,39.831515,30.021259842105266,30.021259830,8.020255157894738
S,7,8.02,10.5875,0.045,80.5875,270.955,38.041515000000004,39.831515,30.021515000000004,30.021514893,8.02
S,7,8.02,10.5875,0.225,80.5875,270.775,38.041515000000004,39.831515,30.021515,30.021514893,8.020000000000003
S,7,8.02,10.5875,0.3,80.5875,270.7,38.041515000000004,39.831515,30.021471144736847,30.021471054,8.020043855263157
S,7,8.02,11.25,0.045,81.25,270.955,38.041515000000004,39.831515,30.021515,30.021514893,8.020000000000003
S,7,8.02,11.25,0.225,81.25,270.775,38.041515000000004,39.831515,30.021515000000004,30.021514893,8.02
S,7,8.02,11.25,0.3,81.25,270.7,38.041515000000004,39.831515,30.021515,30.021514893,8.020000000000003
S,7,8.02,11.912500000000001,0.045,81.9125,270.955,38.041515000000004,39.831515,30.021515000000004,30.021514893,8.02
S,7,8.02,11.912500000000001,0.225,81.9125,270.775,38.041515000000004,39.831515,30.021515,30.021514893,8.020000000000003
S,7,8.02,11.912500000000001,0.3,81.9125,270.7,38.041515000000004,39.831515,30.021515000000004,30.021514893,8.02
S,7,8.02,12.575000000000001,0.045,82.575,270.955,38.041515000000004,39.831515,30.021515,30.021514893,8.020000000000003
S,7,8.02,12.575000000000001,0.225,82.575,270.775,38.041515000000004,39.831515,30.021515,30.021514893,8.020000000000003
S,7,8.02,12.575000000000001,0.3,82.575,270.7,38.041515000000004,39.831515,30.021515,30.021514893,8.020000000000003
S,8,8.02,14.425,0.045,84.425,270.955,38.041515000000004,39.831515,30.021515,30.021514893,8.020000000000003
S,8,8.02,14.425,0.225,84.425,270.775,38.041515000000004,39.831515,30.021515000000004,30.021514893,8.02
S,8,8.02,14.425,0.3,84.425,270.7,38.041515000000004,39.831515,30.021515,30.021514893,8.020000000000003
S,8,8.02,15.0875,0.045,85.0875,270.955,38.041515000000004,39.831515,30.021515,30.021514893,8.020000000000003
S,8,8.02,15.0875,0.225,85.0875,270.775,38.041515000000004,39.831515,30.021515,30.021514893,8.020000000000003
S,8,8.02,15.0875,0.3,85.0875,270.7,38.041515000000004,39.831515,30.021515,30.021514893,8.020000000000003
S,8,8.02,15.75,0.045,85.75,270.955,38.041515000000004,39.831515,30.021515,30.021514893,8.020000000000003
S,8,8.02,15.75,0.225,85.75,270.775,38.041515000000004,39.831515,30.021515,30.021514893,8.020000000000003
S,8,8.02,15.75,0.3,85.75,270.7,38.041515000000004,39.831515,30.021514999999997,30.021514893,8.020000000000007
S,8,8.02,16.4125,0.045,86.4125,270.955,38.041515000000004,39.831515,30.021515,30.021514893,8.020000000000003
S,8,8.02,16.4125,0.225,86.4125,270.775,38.041515000000004,39.831515,30.021515,30.021514893,8.020000000000003
S,8,8.02,16.4125,0.3,86.4125,270.7,38.041515000000004,39.831515,30.021514999999997,30.021514893,8.020000000000007
S,8,8.02,17.075,0.045,87.075,270.955,38.041515000000004,39.831515,30.021515,30.021514893,8.020000000000003
S,8,8.02,17.075,0.225,87.075,270.775,38.041515000000004,39.831515,30.021515,30.021514893,8.020000000000003
S,8,8.02,17.075,0.3,87.075,270.7,38.041515000000004,39.831515,30.021515,30.021514893,8.020000000000003
E,9,4.82,0.8499999999999999,0.045,88.045,271.85,34.841515,36.631515,30.021515,30.021514893,4.82
E,9,4.82,0.8499999999999999,0.225,88.225,271.85,34.841515,36.631515,30.021514999999997,30.021514893,4.820000000000004
E,9,4.82,0.8499999999999999,0.3,88.3,271.85,34.841515,36.631515,30.021515,30.021514893,4.82
E,9,4.82,1.5,0.045,88.045,272.5,34.841515,36.631515,30.021515,30.021514893,4.82
E,9,4.82,1.5,0.225,88.225,272.5,34.841515,36.631515,30.021515,30.021514893,4.82
E,9,4.82,1.5,0.3,88.3,272.5,34.841515,36.631515,30.021514999999997,30.021514893,4.820000000000004
E,9,4.82,2.15,0.045,88.045,273.15,34.841515,36.631515,30.021515,none,4.82
E,9,4.82,2.15,0.225,88.225,273.15,34.841515,36.631515,30.021515,none,4.82
E,9,4.82,2.15,0.3,88.3,273.15,34.841515,36.631515,30.021515,none,4.82
E,9,4.82,2.8,0.045,88.045,273.8,34.841515,36.631515,30.021515000000004,none,4.819999999999997
E,9,4.82,2.8,0.225,88.225,273.8,34.841515,36.631515,30.021515,none,4.82
E,9,4.82,2.8,0.3,88.3,273.8,34.841515,36.631515,30.021515,none,4.82
E,9,4.82,3.45,0.045,88.045,274.45,34.841515,36.631515,30.021515,30.021514893,4.82
E,9,4.82,3.45,0.225,88.225,274.45,34.841515,36.631515,30.021514999999997,none,4.820000000000004
E,9,4.82,3.45,0.3,88.3,274.45,34.841515,36.631515,30.021515,none,4.82
E,10,4.82,5.2,0.045,88.045,276.2,34.841515,36.631515,30.021515,30.021514893,4.82
E,10,4.82,5.2,0.225,88.225,276.2,34.841515,36.631515,30.021515000000004,30.021514893,4.819999999999997
E,10,4.82,5.2,0.3,88.3,276.2,34.841515,36.631515,30.021515,30.021514893,4.82
E,10,4.82,5.8500000000000005,0.045,88.045,276.85,34.841515,36.631515,30.021514999999997,none,4.820000000000004
E,10,4.82,5.8500000000000005,0.225,88.225,276.85,34.841515,36.631515,30.021515,none,4.82
E,10,4.82,5.8500000000000005,0.3,88.3,276.85,34.841515,36.631515,30.021515,none,4.82
E,10,4.82,6.5,0.045,88.045,277.5,34.841515,36.631515,30.021515,none,4.82
E,10,4.82,6.5,0.225,88.225,277.5,34.841515,36.631515,30.021515,none,4.82
E,10,4.82,6.5,0.3,88.3,277.5,34.841515,36.631515,30.021515,none,4.82
E,10,4.82,7.15,0.045,88.045,278.15,34.841515,36.631515,30.021514999999997,none,4.820000000000004
E,10,4.82,7.15,0.225,88.225,278.15,34.841515,36.631515,30.021515,none,4.82
E,10,4.82,7.15,0.3,88.3,278.15,34.841515,36.631515,30.021515,none,4.82
E,10,4.82,7.800000000000001,0.045,88.045,278.8,34.841515,36.631515,30.021515,30.021514893,4.82
E,10,4.82,7.800000000000001,0.225,88.225,278.8,34.841515,36.631515,30.021515,30.021514893,4.82
E,10,4.82,7.800000000000001,0.3,88.3,278.8,34.841515,36.631515,30.021515,30.021514893,4.82
E,11,4.82,9.549999999999999,0.045,88.045,280.55,34.841515,36.631515,30.021515,30.021514893,4.82
E,11,4.82,9.549999999999999,0.225,88.225,280.55,34.841515,36.631515,30.021515,30.021514893,4.82
E,11,4.82,9.549999999999999,0.3,88.3,280.55,34.841515,36.631515,30.021515,30.021514893,4.82
E,11,4.82,10.2,0.045,88.045,281.2,34.841515,36.631515,30.021515,30.021514893,4.82
E,11,4.82,10.2,0.225,88.225,281.2,34.841515,36.631515,30.021515,30.021514893,4.82
E,11,4.82,10.2,0.3,88.3,281.2,34.841515,36.631515,30.021515,30.021514893,4.82
E,11,4.82,10.85,0.045,88.045,281.85,34.841515,36.631515,30.021515,30.021514893,4.82
E,11,4.82,10.85,0.225,88.225,281.85,34.841515,36.631515,30.021515,30.021514893,4.82
E,11,4.82,10.85,0.3,88.3,281.85,34.841515,36.631515,30.021515,30.021514893,4.82
E,11,4.82,11.5,0.045,88.045,282.5,34.841515,36.631515,30.021515,30.021514893,4.82
E,11,4.82,11.5,0.225,88.225,282.5,34.841515,36.631515,30.021515,30.021514893,4.82
E,11,4.82,11.5,0.3,88.3,282.5,34.841515,36.631515,30.021514999999997,30.021514893,4.820000000000004
E,11,4.82,12.149999999999999,0.045,88.045,283.15,34.841515,36.631515,30.021515,30.021514893,4.82
E,11,4.82,12.149999999999999,0.225,88.225,283.15,34.841515,36.631515,30.021515,30.021514893,4.82
E,11,4.82,12.149999999999999,0.3,88.3,283.15,34.841515,36.631515,30.021514999999997,30.021514893,4.820000000000004
E,12,8.02,0.8499999999999999,0.045,88.045,271.85,38.041515000000004,39.831515,30.021515,30.021514893,8.020000000000003
E,12,8.02,0.8499999999999999,0.225,88.225,271.85,38.041515000000004,39.831515,30.021514999999997,30.021514893,8.020000000000007
E,12,8.02,0.8499999999999999,0.3,88.3,271.85,38.041515000000004,39.831515,30.021515,30.021514893,8.020000000000003
E,12,8.02,1.5,0.045,88.045,272.5,38.041515000000004,39.831515,30.021515,30.021514893,8.020000000000003
E,12,8.02,1.5,0.225,88.225,272.5,38.041515000000004,39.831515,30.021515,30.021514893,8.020000000000003
E,12,8.02,1.5,0.3,88.3,272.5,38.041515000000004,39.831515,30.021514999999997,30.021514893,8.020000000000007
E,12,8.02,2.15,0.045,88.045,273.15,38.041515000000004,39.831515,30.021515,none,8.020000000000003
E,12,8.02,2.15,0.225,88.225,273.15,38.041515000000004,39.831515,30.021515,none,8.020000000000003
E,12,8.02,2.15,0.3,88.3,273.15,38.041515000000004,39.831515,30.021515,none,8.020000000000003
E,12,8.02,2.8,0.045,88.045,273.8,38.041515000000004,39.831515,30.021515000000004,none,8.02
E,12,8.02,2.8,0.225,88.225,273.8,38.041515000000004,39.831515,30.021515,none,8.020000000000003
E,12,8.02,2.8,0.3,88.3,273.8,38.041515000000004,39.831515,30.021515,none,8.020000000000003
E,12,8.02,3.45,0.045,88.045,274.45,38.041515000000004,39.831515,30.021515,30.021514893,8.020000000000003
E,12,8.02,3.45,0.225,88.225,274.45,38.041515000000004,39.831515,30.021514999999997,none,8.020000000000007
E,12,8.02,3.45,0.3,88.3,274.45,38.041515000000004,39.831515,30.021515,none,8.020000000000003
E,13,8.02,5.2,0.045,88.045,276.2,38.041515000000004,39.831515,30.021515,30.021514893,8.020000000000003
E,13,8.02,5.2,0.225,88.225,276.2,38.041515000000004,39.831515,30.021515000000004,30.021514893,8.02
E,13,8.02,5.2,0.3,88.3,276.2,38.041515000000004,39.831515,30.021515,30.021514893,8.020000000000003
E,13,8.02,5.8500000000000005,0.045,88.045,276.85,38.041515000000004,39.831515,30.021514999999997,none,8.020000000000007
E,13,8.02,5.8500000000000005,0.225,88.225,276.85,38.041515000000004,39.831515,30.021515,none,8.020000000000003
E,13,8.02,5.8500000000000005,0.3,88.3,276.85,38.041515000000004,39.831515,30.021515,none,8.020000000000003
E,13,8.02,6.5,0.045,88.045,277.5,38.041515000000004,39.831515,30.021515,none,8.020000000000003
E,13,8.02,6.5,0.225,88.225,277.5,38.041515000000004,39.831515,30.021515,none,8.020000000000003
E,13,8.02,6.5,0.3,88.3,277.5,38.041515000000004,39.831515,30.021515,none,8.020000000000003
E,13,8.02,7.15,0.045,88.045,278.15,38.041515000000004,39.831515,30.021514999999997,none,8.020000000000007
E,13,8.02,7.15,0.225,88.225,278.15,38.041515000000004,39.831515,30.021515,none,8.020000000000003
E,13,8.02,7.15,0.3,88.3,278.15,38.041515000000004,39.831515,30.021515,none,8.020000000000003
E,13,8.02,7.800000000000001,0.045,88.045,278.8,38.041515000000004,39.831515,30.021515,30.021514893,8.020000000000003
E,13,8.02,7.800000000000001,0.225,88.225,278.8,38.041515000000004,39.831515,30.021515,30.021514893,8.020000000000003
E,13,8.02,7.800000000000001,0.3,88.3,278.8,38.041515000000004,39.831515,30.021515,30.021514893,8.020000000000003
E,14,8.02,9.549999999999999,0.045,88.045,280.55,38.041515000000004,39.831515,30.021515,30.021514893,8.020000000000003
E,14,8.02,9.549999999999999,0.225,88.225,280.55,38.041515000000004,39.831515,30.021515,30.021514893,8.020000000000003
E,14,8.02,9.549999999999999,0.3,88.3,280.55,38.041515000000004,39.831515,30.021515,30.021514893,8.020000000000003
E,14,8.02,10.2,0.045,88.045,281.2,38.041515000000004,39.831515,30.021515,30.021514893,8.020000000000003
E,14,8.02,10.2,0.225,88.225,281.2,38.041515000000004,39.831515,30.021515,30.021514893,8.020000000000003
E,14,8.02,10.2,0.3,88.3,281.2,38.041515000000004,39.831515,30.021515,30.021514893,8.020000000000003
E,14,8.02,10.85,0.045,88.045,281.85,38.041515000000004,39.831515,30.021515,30.021514893,8.020000000000003
E,14,8.02,10.85,0.225,88.225,281.85,38.041515000000004,39.831515,30.021515,30.021514893,8.020000000000003
E,14,8.02,10.85,0.3,88.3,281.85,38.041515000000004,39.831515,30.021515,30.021514893,8.020000000000003
E,14,8.02,11.5,0.045,88.045,282.5,38.041515000000004,39.831515,30.021515,30.021514893,8.020000000000003
E,14,8.02,11.5,0.225,88.225,282.5,38.041515000000004,39.831515,30.021515,30.021514893,8.020000000000003
E,14,8.02,11.5,0.3,88.3,282.5,38.041515000000004,39.831515,30.021514999999997,30.021514893,8.020000000000007
E,14,8.02,12.149999999999999,0.045,88.045,283.15,38.041515000000004,39.831515,30.021515,30.021514893,8.020000000000003
E,14,8.02,12.149999999999999,0.225,88.225,283.15,38.041515000000004,39.831515,30.021515,30.021514893,8.020000000000003
E,14,8.02,12.149999999999999,0.3,88.3,283.15,38.041515000000004,39.831515,30.021514999999997,30.021514893,8.020000000000007
W,15,4.82,1,0.045,69.955,283,34.841515,36.631515,30.021515,30.021514893,4.82
W,15,4.82,1,0.225,69.775,283,34.841515,36.631515,30.021515,30.021514893,4.82
W,15,4.82,1,0.3,69.7,283,34.841515,36.631515,30.021515,30.021514893,4.82
W,15,4.82,1.575,0.045,69.955,282.425,34.841515,36.631515,30.021515,30.021514893,4.82
W,15,4.82,1.575,0.225,69.775,282.425,34.841515,36.631515,30.021515,30.021514893,4.82
W,15,4.82,1.575,0.3,69.7,282.425,34.841515,36.631515,30.021515,30.021514893,4.82
W,15,4.82,2.15,0.045,69.955,281.85,34.841515,36.631515,30.021515,30.021514893,4.82
W,15,4.82,2.15,0.225,69.775,281.85,34.841515,36.631515,30.021515,30.021514893,4.82
W,15,4.82,2.15,0.3,69.7,281.85,34.841515,36.631515,30.021515,30.021514893,4.82
W,15,4.82,2.7249999999999996,0.045,69.955,281.275,34.841515,36.631515,30.021515,30.021514893,4.82
W,15,4.82,2.7249999999999996,0.225,69.775,281.275,34.841515,36.631515,30.021515,30.021514893,4.82
W,15,4.82,2.7249999999999996,0.3,69.7,281.275,34.841515,36.631515,30.021515,30.021514893,4.82
W,15,4.82,3.3,0.045,69.955,280.7,34.841515,36.631515,30.021515,30.021514893,4.82
W,15,4.82,3.3,0.225,69.775,280.7,34.841515,36.631515,30.021514999999997,30.021514893,4.820000000000004
W,15,4.82,3.3,0.3,69.7,280.7,34.841515,36.631515,30.021515,30.021514893,4.82
W,16,4.82,5.35,0.045,69.955,278.65,34.841515,36.631515,30.021515,30.021514893,4.82
W,16,4.82,5.35,0.225,69.775,278.65,34.841515,36.631515,30.021515,30.021514893,4.82
W,16,4.82,5.35,0.3,69.7,278.65,34.841515,36.631515,30.021515,30.021514893,4.82
W,16,4.82,5.925,0.045,69.955,278.075,34.841515,36.631515,30.021515,30.021514893,4.82
W,16,4.82,5.925,0.225,69.775,278.075,34.841515,36.631515,30.021515000000004,30.021514893,4.819999999999997
W,16,4.82,5.925,0.3,69.7,278.075,34.841515,36.631515,30.021515,30.021514893,4.82
W,16,4.82,6.5,0.045,69.955,277.5,34.841515,36.631515,30.021514999999997,none,4.820000000000004
W,16,4.82,6.5,0.225,69.775,277.5,34.841515,36.631515,30.021515,none,4.82
W,16,4.82,6.5,0.3,69.7,277.5,34.841515,36.631515,30.021515,none,4.82
W,16,4.82,7.074999999999999,0.045,69.955,276.925,34.841515,36.631515,30.021515,none,4.82
W,16,4.82,7.074999999999999,0.225,69.775,276.925,34.841515,36.631515,30.021515000000004,none,4.819999999999997
W,16,4.82,7.074999999999999,0.3,69.7,276.925,34.841515,36.631515,30.021515,none,4.82
W,16,4.82,7.6499999999999995,0.045,69.955,276.35,34.841515,36.631515,30.021515,none,4.82
W,16,4.82,7.6499999999999995,0.225,69.775,276.35,34.841515,36.631515,30.021515,none,4.82
W,16,4.82,7.6499999999999995,0.3,69.7,276.35,34.841515,36.631515,30.021515,none,4.82
W,17,4.82,9.7,0.045,69.955,274.3,34.841515,36.631515,30.021515,30.021514893,4.82
W,17,4.82,9.7,0.225,69.775,274.3,34.841515,36.631515,30.021515,30.021514893,4.82
W,17,4.82,9.7,0.3,69.7,274.3,34.841515,36.631515,30.021515,30.021514893,4.82
W,17,4.82,10.274999999999999,0.045,69.955,273.725,34.841515,36.631515,30.021515,30.021514893,4.82
W,17,4.82,10.274999999999999,0.225,69.775,273.725,34.841515,36.631515,30.021515,30.021514893,4.82
W,17,4.82,10.274999999999999,0.3,69.7,273.725,34.841515,36.631515,30.021515,30.021514893,4.82
W,17,4.82,10.85,0.045,69.955,273.15,34.841515,36.631515,30.021515,30.021514893,4.82
W,17,4.82,10.85,0.225,69.775,273.15,34.841515,36.631515,30.021515,30.021514893,4.82
W,17,4.82,10.85,0.3,69.7,273.15,34.841515,36.631515,30.021515,30.021514893,4.82
W,17,4.82,11.424999999999999,0.045,69.955,272.575,34.841515,36.631515,30.021515,30.021514893,4.82
W,17,4.82,11.424999999999999,0.225,69.775,272.575,34.841515,36.631515,30.021515,30.021514893,4.82
W,17,4.82,11.424999999999999,0.3,69.7,272.575,34.841515,36.631515,30.021515,30.021514893,4.82
W,17,4.82,12,0.045,69.955,272,34.841515,36.631515,30.021515,30.021514893,4.82
W,17,4.82,12,0.225,69.775,272,34.841515,36.631515,30.021515,30.021514893,4.82
W,17,4.82,12,0.3,69.7,272,34.841515,36.631515,30.021515,30.021514893,4.82
W,18,8.02,1,0.045,69.955,283,38.041515000000004,39.831515,30.021515,30.021514893,8.020000000000003
W,18,8.02,1,0.225,69.775,283,38.041515000000004,39.831515,30.021515,30.021514893,8.020000000000003
W,18,8.02,1,0.3,69.7,283,38.041515000000004,39.831515,30.021515,30.021514893,8.020000000000003
W,18,8.02,1.575,0.045,69.955,282.425,38.041515000000004,39.831515,30.021515,30.021514893,8.020000000000003
W,18,8.02,1.575,0.225,69.775,282.425,38.041515000000004,39.831515,30.021515,30.021514893,8.020000000000003
W,18,8.02,1.575,0.3,69.7,282.425,38.041515000000004,39.831515,30.021515,30.021514893,8.020000000000003
W,18,8.02,2.15,0.045,69.955,281.85,38.041515000000004,39.831515,30.021515,30.021514893,8.020000000000003
W,18,8.02,2.15,0.225,69.775,281.85,38.041515000000004,39.831515,30.021515,30.021514893,8.020000000000003
W,18,8.02,2.15,0.3,69.7,281.85,38.041515000000004,39.831515,30.021515,30.021514893,8.020000000000003
W,18,8.02,2.7249999999999996,0.045,69.955,281.275,38.041515000000004,39.831515,30.021515,30.021514893,8.020000000000003
W,18,8.02,2.7249999999999996,0.225,69.775,281.275,38.041515000000004,39.831515,30.021515,30.021514893,8.020000000000003
W,18,8.02,2.7249999999999996,0.3,69.7,281.275,38.041515000000004,39.831515,30.021515,30.021514893,8.020000000000003
W,18,8.02,3.3,0.045,69.955,280.7,38.041515000000004,39.831515,30.021515,30.021514893,8.020000000000003
W,18,8.02,3.3,0.225,69.775,280.7,38.041515000000004,39.831515,30.021514999999997,30.021514893,8.020000000000007
W,18,8.02,3.3,0.3,69.7,280.7,38.041515000000004,39.831515,30.021515,30.021514893,8.020000000000003
W,19,8.02,5.35,0.045,69.955,278.65,38.041515000000004,39.831515,30.021515,30.021514893,8.020000000000003
W,19,8.02,5.35,0.225,69.775,278.65,38.041515000000004,39.831515,30.021515,30.021514893,8.020000000000003
W,19,8.02,5.35,0.3,69.7,278.65,38.041515000000004,39.831515,30.021515,30.021514893,8.020000000000003
W,19,8.02,5.925,0.045,69.955,278.075,38.041515000000004,39.831515,30.021515,30.021514893,8.020000000000003
W,19,8.02,5.925,0.225,69.775,278.075,38.041515000000004,39.831515,30.021515000000004,30.021514893,8.02
W,19,8.02,5.925,0.3,69.7,278.075,38.041515000000004,39.831515,30.021515,30.021514893,8.020000000000003
W,19,8.02,6.5,0.045,69.955,277.5,38.041515000000004,39.831515,30.021514999999997,none,8.020000000000007
W,19,8.02,6.5,0.225,69.775,277.5,38.041515000000004,39.831515,30.021515,none,8.020000000000003
W,19,8.02,6.5,0.3,69.7,277.5,38.041515000000004,39.831515,30.021515,none,8.020000000000003
W,19,8.02,7.074999999999999,0.045,69.955,276.925,38.041515000000004,39.831515,30.021515,none,8.020000000000003
W,19,8.02,7.074999999999999,0.225,69.775,276.925,38.041515000000004,39.831515,30.021515000000004,none,8.02
W,19,8.02,7.074999999999999,0.3,69.7,276.925,38.041515000000004,39.831515,30.021515,none,8.020000000000003
W,19,8.02,7.6499999999999995,0.045,69.955,276.35,38.041515000000004,39.831515,30.021515,none,8.020000000000003
W,19,8.02,7.6499999999999995,0.225,69.775,276.35,38.041515000000004,39.831515,30.021515,none,8.020000000000003
W,19,8.02,7.6499999999999995,0.3,69.7,276.35,38.041515000000004,39.831515,30.021515,none,8.020000000000003
W,20,8.02,9.7,0.045,69.955,274.3,38.041515000000004,39.831515,30.021515,30.021514893,8.020000000000003
W,20,8.02,9.7,0.225,69.775,274.3,38.041515000000004,39.831515,30.021515,30.021514893,8.020000000000003
W,20,8.02,9.7,0.3,69.7,274.3,38.041515000000004,39.831515,30.021515,30.021514893,8.020000000000003
W,20,8.02,10.274999999999999,0.045,69.955,273.725,38.041515000000004,39.831515,30.021515,30.021514893,8.020000000000003
W,20,8.02,10.274999999999999,0.225,69.775,273.725,38.041515000000004,39.831515,30.021515,30.021514893,8.020000000000003
W,20,8.02,10.274999999999999,0.3,69.7,273.725,38.041515000000004,39.831515,30.021515,30.021514893,8.020000000000003
W,20,8.02,10.85,0.045,69.955,273.15,38.041515000000004,39.831515,30.021515,30.021514893,8.020000000000003
W,20,8.02,10.85,0.225,69.775,273.15,38.041515000000004,39.831515,30.021515,30.021514893,8.020000000000003
W,20,8.02,10.85,0.3,69.7,273.15,38.041515000000004,39.831515,30.021515,30.021514893,8.020000000000003
W,20,8.02,11.424999999999999,0.045,69.955,272.575,38.041515000000004,39.831515,30.021515,30.021514893,8.020000000000003
W,20,8.02,11.424999999999999,0.225,69.775,272.575,38.041515000000004,39.831515,30.021515,30.021514893,8.020000000000003
W,20,8.02,11.424999999999999,0.3,69.7,272.575,38.041515000000004,39.831515,30.021515,30.021514893,8.020000000000003
W,20,8.02,12,0.045,69.955,272,38.041515000000004,39.831515,30.021515,30.021514893,8.020000000000003
W,20,8.02,12,0.225,69.775,272,38.041515000000004,39.831515,30.021515,30.021514893,8.020000000000003
W,20,8.02,12,0.3,69.7,272,38.041515000000004,39.831515,30.021515,30.021514893,8.020000000000003
S,21,0.9,0.925,0.045,70.925,270.955,30.921515,32.421515,30.021515,30.021514893,0.8999999999999986
S,21,0.9,0.925,0.225,70.925,270.775,30.921515,32.421515,30.021515000000004,30.021514893,0.899999999999995
S,21,0.9,0.925,0.3,70.925,270.7,30.921515,32.421515,30.021515,30.021514893,0.8999999999999986
S,21,0.9,1.5875,0.045,71.5875,270.955,30.921515,32.421515,30.021515,30.021514893,0.8999999999999986
S,21,0.9,1.5875,0.225,71.5875,270.775,30.921515,32.421515,30.021515,30.021514893,0.8999999999999986
S,21,0.9,1.5875,0.3,71.5875,270.7,30.921515,32.421515,30.021515,30.021514893,0.8999999999999986
S,21,0.9,2.25,0.045,72.25,270.955,30.921515,32.421515,30.021515,30.021514893,0.8999999999999986
S,21,0.9,2.25,0.225,72.25,270.775,30.921515,32.421515,30.021515,30.021514893,0.8999999999999986
S,21,0.9,2.25,0.3,72.25,270.7,30.921515,32.421515,30.021515,30.021514893,0.8999999999999986
S,21,0.9,2.9124999999999996,0.045,72.9125,270.955,30.921515,32.421515,30.021515,30.021514893,0.8999999999999986
S,21,0.9,2.9124999999999996,0.225,72.9125,270.775,30.921515,32.421515,30.021515,30.021514893,0.8999999999999986
S,21,0.9,2.9124999999999996,0.3,72.9125,270.7,30.921515,32.421515,30.021515,30.021514893,0.8999999999999986
S,21,0.9,3.575,0.045,73.575,270.955,30.921515,32.421515,30.021515,30.021514893,0.8999999999999986
S,21,0.9,3.575,0.225,73.575,270.775,30.921515,32.421515,30.021515,30.021514893,0.8999999999999986
S,21,0.9,3.575,0.3,73.575,270.7,30.921515,32.421515,30.021515,30.021514893,0.8999999999999986
S,22,0.9,5.425,0.045,75.425,270.955,30.921515,32.421515,30.021514999999997,30.021514893,0.9000000000000021
S,22,0.9,5.425,0.225,75.425,270.775,30.921515,32.421515,30.021515,30.021514893,0.8999999999999986
S,22,0.9,5.425,0.3,75.425,270.7,30.921515,32.421515,30.021515,30.021514893,0.8999999999999986
S,22,0.9,6.0874999999999995,0.045,76.0875,270.955,30.921515,32.421515,30.021515,30.021514893,0.8999999999999986
S,22,0.9,6.0874999999999995,0.225,76.0875,270.775,30.921515,32.421515,30.021515,30.021514893,0.8999999999999986
S,22,0.9,6.0874999999999995,0.3,76.0875,270.7,30.921515,32.421515,30.021515,30.021514893,0.8999999999999986
S,22,0.9,6.75,0.045,76.75,270.955,30.921515,32.421515,30.021515,30.021514893,0.8999999999999986
S,22,0.9,6.75,0.225,76.75,270.775,30.921515,32.421515,30.021515,30.021514893,0.8999999999999986
S,22,0.9,6.75,0.3,76.75,270.7,30.921515,32.421515,30.021515000000004,30.021514893,0.899999999999995
S,22,0.9,7.4125,0.045,77.4125,270.955,30.921515,32.421515,30.021514999999997,30.021514893,0.9000000000000021
S,22,0.9,7.4125,0.225,77.4125,270.775,30.921515,32.421515,30.021515,30.021514893,0.8999999999999986
S,22,0.9,7.4125,0.3,77.4125,270.7,30.921515,32.421515,30.021515,30.021514893,0.8999999999999986
S,22,0.9,8.075,0.045,78.075,270.955,30.921515,32.421515,30.021515,30.021514893,0.8999999999999986
S,22,0.9,8.075,0.225,78.075,270.775,30.921515,32.421515,30.021515,30.021514893,0.8999999999999986
S,22,0.9,8.075,0.3,78.075,270.7,30.921515,32.421515,30.021515,30.021514893,0.8999999999999986
S,23,0.9,9.925,0.045,79.925,270.955,30.921515,32.421515,30.021514999999997,30.021514893,0.9000000000000021
S,23,0.9,9.925,0.225,79.925,270.775,30.921515,32.421515,30.021397388157897,30.021397325,0.9001176118421021
S,23,0.9,9.925,0.3,79.925,270.7,30.921515,32.421515,30.021259842105266,30.021259830,0.9002551578947333
S,23,0.9,10.5875,0.045,80.5875,270.955,30.921515,32.421515,30.021515000000004,30.021514893,0.899999999999995
S,23,0.9,10.5875,0.225,80.5875,270.775,30.921515,32.421515,30.021515,30.021514893,0.8999999999999986
S,23,0.9,10.5875,0.3,80.5875,270.7,30.921515,32.421515,30.021471144736847,30.021471054,0.9000438552631529
S,23,0.9,11.25,0.045,81.25,270.955,30.921515,32.421515,30.021515,30.021514893,0.8999999999999986
S,23,0.9,11.25,0.225,81.25,270.775,30.921515,32.421515,30.021515000000004,30.021514893,0.899999999999995
S,23,0.9,11.25,0.3,81.25,270.7,30.921515,32.421515,30.021515,30.021514893,0.8999999999999986
S,23,0.9,11.912500000000001,0.045,81.9125,270.955,30.921515,32.421515,30.021515000000004,30.021514893,0.899999999999995
S,23,0.9,11.912500000000001,0.225,81.9125,270.775,30.921515,32.421515,30.021515,30.021514893,0.8999999999999986
S,23,0.9,11.912500000000001,0.3,81.9125,270.7,30.921515,32.421515,30.021515000000004,30.021514893,0.899999999999995
S,23,0.9,12.575000000000001,0.045,82.575,270.955,30.921515,32.421515,30.021515,30.021514893,0.8999999999999986
S,23,0.9,12.575000000000001,0.225,82.575,270.775,30.921515,32.421515,30.021515,30.021514893,0.8999999999999986
S,23,0.9,12.575000000000001,0.3,82.575,270.7,30.921515,32.421515,30.021515,30.021514893,0.8999999999999986
S,24,0.9,14.425,0.045,84.425,270.955,30.921515,32.421515,30.021515,30.021514893,0.8999999999999986
S,24,0.9,14.425,0.225,84.425,270.775,30.921515,32.421515,30.021515000000004,30.021514893,0.899999999999995
S,24,0.9,14.425,0.3,84.425,270.7,30.921515,32.421515,30.021515,30.021514893,0.8999999999999986
S,24,0.9,15.0875,0.045,85.0875,270.955,30.921515,32.421515,30.021515,30.021514893,0.8999999999999986
S,24,0.9,15.0875,0.225,85.0875,270.775,30.921515,32.421515,30.021515,30.021514893,0.8999999999999986
S,24,0.9,15.0875,0.3,85.0875,270.7,30.921515,32.421515,30.021515,30.021514893,0.8999999999999986
S,24,0.9,15.75,0.045,85.75,270.955,30.921515,32.421515,30.021515,30.021514893,0.8999999999999986
S,24,0.9,15.75,0.225,85.75,270.775,30.921515,32.421515,30.021515,30.021514893,0.8999999999999986
S,24,0.9,15.75,0.3,85.75,270.7,30.921515,32.421515,30.021514999999997,30.021514893,0.9000000000000021
S,24,0.9,16.4125,0.045,86.4125,270.955,30.921515,32.421515,30.021515,30.021514893,0.8999999999999986
S,24,0.9,16.4125,0.225,86.4125,270.775,30.921515,32.421515,30.021515,30.021514893,0.8999999999999986
S,24,0.9,16.4125,0.3,86.4125,270.7,30.921515,32.421515,30.021514999999997,30.021514893,0.9000000000000021
S,24,0.9,17.075,0.045,87.075,270.955,30.921515,32.421515,30.021515,30.021514893,0.8999999999999986
S,24,0.9,17.075,0.225,87.075,270.775,30.921515,32.421515,30.021515,30.021514893,0.8999999999999986
S,24,0.9,17.075,0.3,87.075,270.7,30.921515,32.421515,30.021515,30.021514893,0.8999999999999986
E,25,0.9,9.05,0.045,88.045,280.05,30.921515,32.771515,30.021515,30.021514893,0.8999999999999986
E,25,0.9,9.05,0.225,88.225,280.05,30.921515,32.771515,30.021515,30.021514893,0.8999999999999986
E,25,0.9,9.05,0.3,88.3,280.05,30.921515,32.771515,30.021515,30.021514893,0.8999999999999986
E,25,0.9,9.8,0.045,88.045,280.8,30.921515,32.771515,30.021515,30.021514893,0.8999999999999986
E,25,0.9,9.8,0.225,88.225,280.8,30.921515,32.771515,30.021514999999997,30.021514893,0.9000000000000021
E,25,0.9,9.8,0.3,88.3,280.8,30.921515,32.771515,30.021515,30.021514893,0.8999999999999986
E,25,0.9,10.55,0.045,88.045,281.55,30.921515,32.771515,30.021515,30.021514893,0.8999999999999986
E,25,0.9,10.55,0.225,88.225,281.55,30.921515,32.771515,30.021515,30.021514893,0.8999999999999986
E,25,0.9,10.55,0.3,88.3,281.55,30.921515,32.771515,30.021515,30.021514893,0.8999999999999986
E,25,0.9,11.3,0.045,88.045,282.3,30.921515,32.771515,30.021515,30.021514893,0.8999999999999986
E,25,0.9,11.3,0.225,88.225,282.3,30.921515,32.771515,30.021515,30.021514893,0.8999999999999986
E,25,0.9,11.3,0.3,88.3,282.3,30.921515,32.771515,30.021515,30.021514893,0.8999999999999986
E,25,0.9,12.05,0.045,88.045,283.05,30.921515,32.771515,30.021515,30.021514893,0.8999999999999986
E,25,0.9,12.05,0.225,88.225,283.05,30.921515,32.771515,30.021515,30.021514893,0.8999999999999986
E,25,0.9,12.05,0.3,88.3,283.05,30.921515,32.771515,30.021515,30.021514893,0.8999999999999986
W,26,0.9,1.15,0.045,69.955,282.85,30.921515,32.171515,30.021515,30.021514893,0.8999999999999986
W,26,0.9,1.15,0.225,69.775,282.85,30.921515,32.171515,30.021515,30.021514893,0.8999999999999986
W,26,0.9,1.15,0.3,69.7,282.85,30.921515,32.171515,30.021515,30.021514893,0.8999999999999986
W,26,0.9,1.7249999999999999,0.045,69.955,282.275,30.921515,32.171515,30.021515,30.021514893,0.8999999999999986
W,26,0.9,1.7249999999999999,0.225,69.775,282.275,30.921515,32.171515,30.021515,30.021514893,0.8999999999999986
W,26,0.9,1.7249999999999999,0.3,69.7,282.275,30.921515,32.171515,30.021515,30.021514893,0.8999999999999986
W,26,0.9,2.3,0.045,69.955,281.7,30.921515,32.171515,30.021515,30.021514893,0.8999999999999986
W,26,0.9,2.3,0.225,69.775,281.7,30.921515,32.171515,30.021515,30.021514893,0.8999999999999986
W,26,0.9,2.3,0.3,69.7,281.7,30.921515,32.171515,30.021515,30.021514893,0.8999999999999986
W,26,0.9,2.875,0.045,69.955,281.125,30.921515,32.171515,30.021515,30.021514893,0.8999999999999986
W,26,0.9,2.875,0.225,69.775,281.125,30.921515,32.171515,30.021515,30.021514893,0.8999999999999986
W,26,0.9,2.875,0.3,69.7,281.125,30.921515,32.171515,30.021515,30.021514893,0.8999999999999986
W,26,0.9,3.4499999999999997,0.045,69.955,280.55,30.921515,32.171515,30.021515,30.021514893,0.8999999999999986
W,26,0.9,3.4499999999999997,0.225,69.775,280.55,30.921515,32.171515,30.021515000000004,30.021514893,0.899999999999995
W,26,0.9,3.4499999999999997,0.3,69.7,280.55,30.921515,32.171515,30.021515,30.021514893,0.8999999999999986
W,27,0.9,9.45,0.045,69.955,274.55,30.921515,32.171515,30.021515,30.021514893,0.8999999999999986
W,27,0.9,9.45,0.225,69.775,274.55,30.921515,32.171515,30.021515,30.021514893,0.8999999999999986
W,27,0.9,9.45,0.3,69.7,274.55,30.921515,32.171515,30.021515,30.021514893,0.8999999999999986
W,27,0.9,10.024999999999999,0.045,69.955,273.975,30.921515,32.171515,30.021515,30.021514893,0.8999999999999986
W,27,0.9,10.024999999999999,0.225,69.775,273.975,30.921515,32.171515,30.021515,30.021514893,0.8999999999999986
W,27,0.9,10.024999999999999,0.3,69.7,273.975,30.921515,32.171515,30.021515,30.021514893,0.8999999999999986
W,27,0.9,10.6,0.045,69.955,273.4,30.921515,32.171515,30.021515,30.021514893,0.8999999999999986
W,27,0.9,10.6,0.225,69.775,273.4,30.921515,32.171515,30.021515,30.021514893,0.8999999999999986
W,27,0.9,10.6,0.3,69.7,273.4,30.921515,32.171515,30.021515,30.021514893,0.8999999999999986
W,27,0.9,11.174999999999999,0.045,69.955,272.825,30.921515,32.171515,30.021515,30.021514893,0.8999999999999986
W,27,0.9,11.174999999999999,0.225,69.775,272.825,30.921515,32.171515,30.021515,30.021514893,0.8999999999999986
W,27,0.9,11.174999999999999,0.3,69.7,272.825,30.921515,32.171515,30.021515,30.021514893,0.8999999999999986
W,27,0.9,11.75,0.045,69.955,272.25,30.921515,32.171515,30.021515,30.021514893,0.8999999999999986
W,27,0.9,11.75,0.225,69.775,272.25,30.921515,32.171515,30.021515,30.021514893,0.8999999999999986
W,27,0.9,11.75,0.3,69.7,272.25,30.921515,32.171515,30.021515,30.021514893,0.8999999999999986
